{"cameraMode":{"drawMode":31,"name":"Sprite Mask","section":"Miscellaneous"},"sceneLighting":true,"audioPlay":false,"sceneViewState":{"showFog":true,"showMaterialUpdate":true,"showSkybox":true,"showFlares":true,"showImageEffects":true,"showParticleSystems":true},"in2DMode":false,"pivot":{"x":0.0,"y":32.78131103515625,"z":24.232818603515626},"rotation":{"x":0.010495981201529503,"y":0.02699524164199829,"z":-0.00028346022008918226,"w":0.9995805025100708},"size":68.30550384521485,"orthographic":true}