{"cameraMode":{"drawMode":31,"name":"Sprite Mask","section":"Miscellaneous"},"sceneLighting":false,"audioPlay":false,"sceneViewState":{"showFog":true,"showMaterialUpdate":true,"showSkybox":true,"showFlares":true,"showImageEffects":true,"showParticleSystems":true},"in2DMode":false,"pivot":{"x":0.039999961853027347,"y":0.32999998331069949,"z":-0.014999926090240479},"rotation":{"x":0.12834560871124268,"y":0.8685661554336548,"z":-0.37544307112693789,"w":0.29692238569259646},"size":9.205389976501465,"orthographic":true}